{"entities":{"pages":{"doris_install":{"id":"doris_install","title":"安装","url":"doris-install.html","level":0,"pages":["resource_download","fe_deploy","be_deploy","cluster-deploy"],"tabIndex":0},"resource_download":{"id":"resource_download","title":"资源下载","url":"resource-download.html","level":1,"parentId":"doris_install","tabIndex":0},"fe_deploy":{"id":"fe_deploy","title":"FE节点部署","url":"fe-deploy.html","level":1,"parentId":"doris_install","tabIndex":1},"be_deploy":{"id":"be_deploy","title":"BE节点部署","url":"be-deploy.html","level":1,"parentId":"doris_install","tabIndex":2},"cluster-deploy":{"id":"cluster-deploy","title":"集群启动","url":"cluster-deploy.html","level":1,"parentId":"doris_install","tabIndex":3}}},"topLevelIds":["doris_install"]}