{"entities":{"pages":{"doris_document":{"id":"doris_document","title":"Doris文档","url":"doris-document.html","level":0,"pages":["doris_install","operate","maintenance"],"tabIndex":0},"doris_install":{"id":"doris_install","title":"安装","url":"doris-install.html","level":1,"parentId":"doris_document","pages":["resource_download","fe_deploy","be_deploy","cluster-deploy"],"tabIndex":0},"resource_download":{"id":"resource_download","title":"资源下载","url":"resource-download.html","level":2,"parentId":"doris_install","tabIndex":0},"fe_deploy":{"id":"fe_deploy","title":"FE节点部署","url":"fe-deploy.html","level":2,"parentId":"doris_install","tabIndex":1},"be_deploy":{"id":"be_deploy","title":"BE节点部署","url":"be-deploy.html","level":2,"parentId":"doris_install","tabIndex":2},"cluster-deploy":{"id":"cluster-deploy","title":"集群启动","url":"cluster-deploy.html","level":2,"parentId":"doris_install","tabIndex":3},"operate":{"id":"operate","title":"操作","url":"operate.html","level":1,"parentId":"doris_document","pages":["visit"],"tabIndex":1},"visit":{"id":"visit","title":"访问","url":"visit.html","level":2,"parentId":"operate","tabIndex":0},"maintenance":{"id":"maintenance","title":"运维","url":"maintenance.html","level":1,"parentId":"doris_document","pages":["node"],"tabIndex":2},"node":{"id":"node","title":"节点","url":"node.html","level":2,"parentId":"maintenance","tabIndex":0}}},"topLevelIds":["doris_document"]}