{"entities":{"pages":{"doris_document":{"id":"doris_document","title":"Doris文档","url":"doris-document.html","level":0,"pages":["doris_install","operate","maintenance","warehouse"],"tabIndex":0},"doris_install":{"id":"doris_install","title":"安装","url":"doris-install.html","level":1,"parentId":"doris_document","pages":["resource_download","fe_deploy","be_deploy","cluster-deploy"],"tabIndex":0},"resource_download":{"id":"resource_download","title":"资源下载","url":"resource-download.html","level":2,"parentId":"doris_install","tabIndex":0},"fe_deploy":{"id":"fe_deploy","title":"FE节点部署","url":"fe-deploy.html","level":2,"parentId":"doris_install","tabIndex":1},"be_deploy":{"id":"be_deploy","title":"BE节点部署","url":"be-deploy.html","level":2,"parentId":"doris_install","tabIndex":2},"cluster-deploy":{"id":"cluster-deploy","title":"集群启动","url":"cluster-deploy.html","level":2,"parentId":"doris_install","tabIndex":3},"operate":{"id":"operate","title":"操作","url":"operate.html","level":1,"parentId":"doris_document","pages":["visit","ETL"],"tabIndex":1},"visit":{"id":"visit","title":"访问","url":"visit.html","level":2,"parentId":"operate","tabIndex":0},"ETL":{"id":"ETL","title":"ETL","url":"etl.html","level":2,"parentId":"operate","pages":["JDBC-Catalog"],"tabIndex":1},"JDBC-Catalog":{"id":"JDBC-Catalog","title":"JDBC Catalog","url":"jdbc-catalog.html","level":3,"parentId":"ETL","tabIndex":0},"maintenance":{"id":"maintenance","title":"运维","url":"maintenance.html","level":1,"parentId":"doris_document","pages":["node"],"tabIndex":2},"node":{"id":"node","title":"节点","url":"node.html","level":2,"parentId":"maintenance","tabIndex":0},"warehouse":{"id":"warehouse","title":"数仓建设","url":"warehouse.html","level":1,"parentId":"doris_document","pages":["ODS"],"tabIndex":3},"ODS":{"id":"ODS","title":"ODS","url":"ods.html","level":2,"parentId":"warehouse","pages":["ads_yykb","bjcard_makeuse"],"tabIndex":0},"ads_yykb":{"id":"ads_yykb","title":"换发日志","url":"ads-yykb.html","level":3,"parentId":"ODS","tabIndex":0},"bjcard_makeuse":{"id":"bjcard_makeuse","title":"卡管","url":"bjcard-makeuse.html","level":3,"parentId":"ODS","tabIndex":1},"Superset":{"id":"Superset","title":"Superset","url":"superset.html","level":0,"pages":["superset-dev-env"],"tabIndex":1},"superset-dev-env":{"id":"superset-dev-env","title":"开发环境","url":"superset-dev-env.html","level":1,"parentId":"Superset","tabIndex":0},"canal-sync":{"id":"canal-sync","title":"Canal同步","url":"canal-sync.html","level":0,"pages":["MySQLConfig","CanalServer"],"tabIndex":2},"MySQLConfig":{"id":"MySQLConfig","title":"MySQL配置","url":"mysqlconfig.html","level":1,"parentId":"canal-sync","tabIndex":0},"CanalServer":{"id":"CanalServer","title":"CanalServer配置","url":"canalserver.html","level":1,"parentId":"canal-sync","tabIndex":1},"test":{"id":"test","title":"msk-operation-data-center","url":"test.html","level":0,"pages":["bi_data_search","channel_code_statistics","metadata"],"tabIndex":3},"bi_data_search":{"id":"bi_data_search","title":"BI数据查询","url":"bi-data-search.html","level":1,"parentId":"test","tabIndex":0},"channel_code_statistics":{"id":"channel_code_statistics","title":"渠道码统计","url":"channel-code-statistics.html","level":1,"parentId":"test","pages":["dimensionStatistics","lineStatistics","totalStatistics-V1","totalStatistics","listStatistics"],"tabIndex":1},"dimensionStatistics":{"id":"dimensionStatistics","title":"维度统计数据","url":"dimensionstatistics.html","level":2,"parentId":"channel_code_statistics","tabIndex":0},"lineStatistics":{"id":"lineStatistics","title":"累计折线图数据","url":"linestatistics.html","level":2,"parentId":"channel_code_statistics","tabIndex":1},"totalStatistics-V1":{"id":"totalStatistics-V1","title":"累计统计数据-V1","url":"totalstatistics-v1.html","level":2,"parentId":"channel_code_statistics","tabIndex":2},"totalStatistics":{"id":"totalStatistics","title":"累计统计数据","url":"totalstatistics.html","level":2,"parentId":"channel_code_statistics","tabIndex":3},"listStatistics":{"id":"listStatistics","title":"分页查询统计数据","url":"liststatistics.html","level":2,"parentId":"channel_code_statistics","tabIndex":4},"metadata":{"id":"metadata","title":"表结构","url":"metadata.html","level":1,"parentId":"test","tabIndex":2}}},"topLevelIds":["doris_document","Superset","canal-sync","test"]}